Data;Aberto;Alto;Baixo;Fechar;Adj Close;Volume
8 de outubro de 2026;12.01;12.90;11.95;12.63;12.63;15,276,900
7 de outubro de 2026;12.77;12.80;12.01;12.07;12.07;35,799,200
6 de outubro de 2026;13.03;13.31;12.57;12.63;12.63;32,727,200
5 de outubro de 2026;12.82;13.45;12.62;12.98;12.98;52,209,900
2 de outubro de 2026;11.52;11.52;10.85;11.15;11.15;31,033,400
1º de outubro de 2026;11.04;11.45;10.88;11.16;11.16;16,044,700
30 de setembro de 2026;10.60;11.00;10.53;10.93;10.93;14,433,500
29 de set. de 2026;10.20;10.55;10.19;10.54;10.54;26,249,600
28 de set. de 2026;10.35;10.48;10.19;10.20;10.20;12,189,300
25 de set. de 2026;10.22;10.50;10.05;10.49;10.49;16,425,200
24 de set. de 2026;10.35;10.40;10.16;10.24;10.24;8,212,300
23 de set. de 2026;10.19;10.55;10.16;10.29;10.29;18,073,500
22 de set. de 2026;10.15;10.40;10.04;10.34;10.34;15,338,300
21 de setembro de 2026;10.31;10.39;10.15;10.22;10.22;6,225,700
18 de setembro de 2026;10.10;10.30;10.04;10.26;10.26;8,346,100
17 de setembro de 2026;10.14;10.28;9.89;10.21;10.21;9,755,800
16 de setembro de 2026;9.62;10.19;9.62;10.10;10.10;16,505,300
15 de setembro de 2026;9.75;9.82;9.48;9.65;9.65;7,799,400
14 de set. de 2026;9.50;9.82;9.50;9.63;9.63;6,288,500
11 de setembro de 2026;9.85;10.00;9.71;9.82;9.82;6,420,300
10 de setembro de 2026;9.11;9.92;9.09;9.86;9.86;15,999,900
9 de setembro de 2026;9.05;9.20;8.95;9.20;9.20;5988400
8 de setembro de 2026;9.26;9.47;9.13;9.13;9.13;13676600
4 de setembro de 2026;9.04;9.27;9.01;9.08;9.08;8188300
3 de setembro de 2026;9.20;9.24;8.48;9.11;9.11;24826300
2 de setembro de 2026;8.57;9.26;8.49;9.13;9.13;17222400
1º de setembro de 2026;8.47;8.78;8.45;8.50;8.50;11543800
31 de agosto de 2026;8.32;8.47;8.21;8.44;8.44;17906300
28 de agosto de 2026;8.23;8.30;8.07;8.16;8.16;8259700
27 de agosto de 2026;8.36;8.45;8.15;8.20;8.20;15855900
26 de agosto de 2026;8.96;9.10;8.19;8.37;8.37;25259800
25 de agosto de 2026;8.31;9.05;8.31;8.96;8.96;21863100
24 de agosto de 2026;8.21;8.56;8.21;8.31;8.31;8892800
21 de agosto de 2026;8.00;8.41;8.00;8.40;8.40;8741800
20 de agosto de 2026;8.01;8.14;7.93;7.96;7.96;6940000
19 de agosto de 2026;8.01;8.20;8.00;8.08;8.08;5855400
18 de agosto de 2026;8.11;8.18;7.88;7.90;7.90;11021500
17 de agosto de 2026;8.10;8.21;8.00;8.14;8.14;12268500
14 de agosto de 2026;7.90;8.10;7.80;8.10;8.10;11232000
13 de agosto de 2026;7.95;8.21;7.95;7.96;7.96;8987000
12 de agosto de 2026;8.12;8.20;7.95;8.00;8.00;8426200
11 de agosto de 2026;8.06;8.19;7.95;8.08;8.08;14248700
10 de agosto de 2026;8.23;8.23;7.96;8.06;8.06;10741500
7 de agosto de 2026;8.62;8.63;7.93;8.24;8.24;15405900
6 de agosto de 2026;8.74;8.87;8.49;8.49;8.49;9598300
5 de agosto de 2026;8.71;8.91;8.67;8.83;8.83;8653300
4 de agosto de 2026;8.73;8.77;8.59;8.66;8.66;5728800
3 de agosto de 2026;8.60;8.68;8.44;8.55;8.55;5991300
31 de julho de 2026;8.51;8.51;8.34;8.50;8.50;3774300
30 de julho de 2026;8.38;8.48;8.34;8.41;8.41;5160500
29 de julho de 2026;8.26;8.43;8.18;8.30;8.30;9145900
28 de julho de 2026;8.31;8.42;8.22;8.24;8.24;5647400
27 de julho de 2026;7.91;8.14;7.72;8.11;8.11;9648500
24 de julho de 2026;8.00;8.04;7.80;7.85;7.85;8085500
23 de julho de 2026;8.30;8.34;8.01;8.02;8.02;8616800
22 de julho de 2026;8.26;8.51;8.26;8.40;8.40;8762700
21 de julho de 2026;8.12;8.26;8.08;8.25;8.25;6066400
20 de julho de 2026;8.52;8.59;8.14;8.14;8.14;7034200
17 de julho de 2026;8.53;8.59;8.30;8.50;8.50;11868000
16 de julho de 2026;8.60;8.71;8.42;8.56;8.56;7539300
15 de julho de 2026;8.65;8.86;8.56;8.66;8.66;8603500
14 de julho de 2026;8.76;8.76;8.58;8.66;8.66;5528500
13 de julho de 2026;8.79;8.90;8.58;8.71;8.71;7239300
10 de julho de 2026;8.72;8.99;8.72;8.87;8.87;13614800
9 de julho de 2026;8.55;8.59;8.42;8.46;8.46;11770700
8 de julho de 2026;8.43;8.65;8.38;8.49;8.49;10072200
